scene_date,station,landsat_st_c,dist_m,scene,cloud_pct,glsea_sst_c,glsea_dist_km,delta_c,retrieved_utc
2026-07-28,mackenzie_point,19.44,85.0,LC09_L2SP_025026_20260728_02_T1,15.9,16.68,0.59,2.76,2026-08-06T22:16:17Z
2026-07-28,marina_east_mcvicar,18.13,150.0,LC09_L2SP_025026_20260728_02_T1,15.9,16.4,1.28,1.73,2026-08-06T22:16:17Z
2026-07-28,silver_harbour_outer,19.57,0.0,LC09_L2SP_025026_20260728_02_T1,15.9,17.0,0.57,2.57,2026-08-06T22:16:17Z
2019-06-15,silver_harbour_outer,9.59,0.0,LC08_L2SP_025026_20190615_02_T1,5.4,8.67,0.49,0.92,2026-08-07T23:50:17Z
2019-06-15,mackenzie_point,9.79,0.0,LC08_L2SP_025026_20190615_02_T1,5.4,9.02,0.08,0.77,2026-08-07T23:50:17Z
2019-06-15,marina_east_mcvicar,15.33,0.0,LC08_L2SP_025026_20190615_02_T1,5.4,9.78,1.25,5.55,2026-08-07T23:50:17Z
2020-09-21,silver_harbour_outer,10.87,0.0,LC08_L2SP_025026_20200921_02_T1,1.0,11.52,0.49,-0.65,2026-08-07T23:50:17Z
2020-09-21,mackenzie_point,11.32,0.0,LC08_L2SP_025026_20200921_02_T1,1.0,11.63,0.08,-0.31,2026-08-07T23:50:17Z
2020-09-21,marina_east_mcvicar,14.96,0.0,LC08_L2SP_025026_20200921_02_T1,1.0,11.39,1.25,3.57,2026-08-07T23:50:17Z
2020-08-27,marina_east_mcvicar,23.2,361.0,LC08_L2SP_026026_20200827_02_T1,2.6,18.29,1.25,4.91,2026-08-07T23:50:17Z
2020-08-11,marina_east_mcvicar,18.57,0.0,LC08_L2SP_026026_20200811_02_T1,2.8,16.95,1.25,1.62,2026-08-07T23:50:17Z
2021-08-23,silver_harbour_outer,18.51,0.0,LC08_L2SP_025026_20210823_02_T1,18.2,18.58,0.49,-0.07,2026-08-07T23:50:17Z
2021-08-23,mackenzie_point,18.73,0.0,LC08_L2SP_025026_20210823_02_T1,18.2,18.64,0.08,0.09,2026-08-07T23:50:17Z
2021-06-04,silver_harbour_outer,13.14,0.0,LC08_L2SP_025026_20210604_02_T1,15.4,7.81,0.49,5.33,2026-08-07T23:50:17Z
2021-06-04,mackenzie_point,13.95,0.0,LC08_L2SP_025026_20210604_02_T1,15.4,7.54,0.08,6.41,2026-08-07T23:50:17Z
2021-06-04,marina_east_mcvicar,19.27,0.0,LC08_L2SP_025026_20210604_02_T1,15.4,9.13,1.25,10.14,2026-08-07T23:50:17Z
2022-09-03,silver_harbour_outer,15.87,0.0,LC09_L2SP_025026_20220903_02_T1,4.0,17.24,0.49,-1.37,2026-08-07T23:50:17Z
2022-09-03,mackenzie_point,16.19,0.0,LC09_L2SP_025026_20220903_02_T1,4.0,17.45,0.08,-1.26,2026-08-07T23:50:17Z
2022-09-03,marina_east_mcvicar,15.9,0.0,LC09_L2SP_025026_20220903_02_T1,4.0,15.63,1.25,0.27,2026-08-07T23:50:17Z
2022-08-10,silver_harbour_outer,16.41,0.0,LC08_L2SP_025026_20220810_02_T1,19.6,16.73,0.49,-0.32,2026-08-07T23:50:17Z
2022-08-10,mackenzie_point,18.56,150.0,LC08_L2SP_025026_20220810_02_T1,19.6,16.69,0.08,1.87,2026-08-07T23:50:17Z
2022-08-10,marina_east_mcvicar,19.06,0.0,LC08_L2SP_025026_20220810_02_T1,19.6,15.96,1.25,3.1,2026-08-07T23:50:17Z
2022-07-25,silver_harbour_outer,10.56,499.0,LC08_L2SP_025026_20220725_02_T1,18.2,17.37,0.49,-6.81,2026-08-07T23:50:17Z
2022-07-25,mackenzie_point,7.46,469.0,LC08_L2SP_025026_20220725_02_T1,18.2,17.54,0.08,-10.08,2026-08-07T23:50:17Z
2022-07-25,marina_east_mcvicar,19.98,270.0,LC08_L2SP_025026_20220725_02_T1,18.2,15.81,1.25,4.17,2026-08-07T23:50:17Z
2023-09-14,mackenzie_point,13.82,0.0,LC08_L2SP_025026_20230914_02_T1,8.8,14.67,0.08,-0.85,2026-08-07T23:50:17Z
2023-09-14,marina_east_mcvicar,14.83,0.0,LC08_L2SP_025026_20230914_02_T1,8.8,14.7,1.25,0.13,2026-08-07T23:50:17Z
2023-09-05,marina_east_mcvicar,24.36,365.0,LC08_L2SP_026026_20230905_02_T1,19.9,16.78,1.25,7.58,2026-08-07T23:50:17Z
2023-08-13,silver_harbour_outer,17.09,0.0,LC08_L2SP_025026_20230813_02_T1,11.7,17.59,0.49,-0.5,2026-08-07T23:50:17Z
2023-08-13,mackenzie_point,12.56,0.0,LC08_L2SP_025026_20230813_02_T1,11.7,17.44,0.08,-4.88,2026-08-07T23:50:17Z
2023-08-13,marina_east_mcvicar,11.36,30.0,LC08_L2SP_025026_20230813_02_T1,11.7,17.79,1.25,-6.43,2026-08-07T23:50:17Z
2023-07-20,silver_harbour_outer,17.49,0.0,LC09_L2SP_025026_20230720_02_T1,15.0,16.8,0.49,0.69,2026-08-07T23:50:17Z
2023-07-20,mackenzie_point,17.89,0.0,LC09_L2SP_025026_20230720_02_T1,15.0,16.6,0.08,1.29,2026-08-07T23:50:17Z
2023-07-20,marina_east_mcvicar,20.58,0.0,LC09_L2SP_025026_20230720_02_T1,15.0,16.27,1.25,4.31,2026-08-07T23:50:17Z
2024-07-06,silver_harbour_outer,18.81,0.0,LC09_L2SP_025026_20240706_02_T1,9.4,15.79,0.49,3.02,2026-08-07T23:50:17Z
2024-07-06,mackenzie_point,18.13,0.0,LC09_L2SP_025026_20240706_02_T1,9.4,16.08,0.08,2.05,2026-08-07T23:50:17Z
2024-07-06,marina_east_mcvicar,21.02,0.0,LC09_L2SP_025026_20240706_02_T1,9.4,15.45,1.25,5.57,2026-08-07T23:50:17Z
2025-09-27,silver_harbour_outer,14.3,0.0,LC09_L2SP_025026_20250927_02_T1,0.0,15.23,0.49,-0.93,2026-08-07T23:50:17Z
2025-09-27,mackenzie_point,14.93,0.0,LC09_L2SP_025026_20250927_02_T1,0.0,15.3,0.08,-0.37,2026-08-07T23:50:17Z
2025-09-27,marina_east_mcvicar,16.41,0.0,LC09_L2SP_025026_20250927_02_T1,0.0,14.97,1.25,1.44,2026-08-07T23:50:17Z
2025-08-26,silver_harbour_outer,15.61,0.0,LC09_L2SP_025026_20250826_02_T1,0.1,16.67,0.49,-1.06,2026-08-07T23:50:17Z
2025-08-26,mackenzie_point,16.43,0.0,LC09_L2SP_025026_20250826_02_T1,0.1,16.79,0.08,-0.36,2026-08-07T23:50:17Z
2025-08-26,marina_east_mcvicar,17.94,0.0,LC09_L2SP_025026_20250826_02_T1,0.1,16.32,1.25,1.62,2026-08-07T23:50:17Z
2025-08-02,silver_harbour_outer,17.46,0.0,LC08_L2SP_025026_20250802_02_T1,10.2,18.57,0.49,-1.11,2026-08-07T23:50:17Z
2025-08-02,marina_east_mcvicar,18.75,0.0,LC08_L2SP_025026_20250802_02_T1,10.2,17.33,1.25,1.42,2026-08-07T23:50:17Z
2025-07-25,silver_harbour_outer,19.26,0.0,LC09_L2SP_025026_20250725_02_T1,4.0,18.32,0.49,0.94,2026-08-07T23:50:17Z
2025-07-25,mackenzie_point,19.29,0.0,LC09_L2SP_025026_20250725_02_T1,4.0,18.2,0.08,1.09,2026-08-07T23:50:17Z
2025-07-25,marina_east_mcvicar,21.51,0.0,LC09_L2SP_025026_20250725_02_T1,4.0,18.06,1.25,3.45,2026-08-07T23:50:17Z
2025-07-09,silver_harbour_outer,17.48,0.0,LC09_L2SP_025026_20250709_02_T1,2.4,17.3,0.49,0.18,2026-08-07T23:50:17Z
2025-07-09,mackenzie_point,17.23,0.0,LC09_L2SP_025026_20250709_02_T1,2.4,17.15,0.08,0.08,2026-08-07T23:50:17Z
2025-07-09,marina_east_mcvicar,22.44,0.0,LC09_L2SP_025026_20250709_02_T1,2.4,17.45,1.25,4.99,2026-08-07T23:50:17Z
2025-06-15,silver_harbour_outer,11.75,0.0,LC08_L2SP_025026_20250615_02_T1,4.2,11.67,0.49,0.08,2026-08-07T23:50:17Z
2025-06-15,mackenzie_point,10.89,0.0,LC08_L2SP_025026_20250615_02_T1,4.2,11.22,0.08,-0.33,2026-08-07T23:50:17Z
2025-06-15,marina_east_mcvicar,18.18,0.0,LC08_L2SP_025026_20250615_02_T1,4.2,12.6,1.25,5.58,2026-08-07T23:50:17Z
